{"rtsp://admin:123456@192.168.1.188:554/ch01.264": {"fov_V_deg": 23.1254759772976, "fov_H_deg": 1, "vanishingPoint": [372, 208], "camera_height": 2.3, "rad_per_pixel": 0.0008969237708771036}, "rtsp://admin:Admin123@192.168.1.11/live/0/MAIN": {"fov_V_deg": 4.262245873812769, "fov_H_deg": 1, "vanishingPoint": [347, 157], "camera_height": 2.3, "rad_per_pixel": 0.00016531160895016795},
  "rtsp://admin:Admin123@10.8.4.31": {"fov_V_deg": 22.78738780380252, "fov_H_deg": 1, "vanishingPoint": [321, 120], "camera_height": 2.3, "rad_per_pixel": 0.0008838109891225635}, "rtsp://admin:Admin123@10.8.4.238/Streaming/Channels/501": {"fov_V_deg": 25.00794259754029, "fov_H_deg": 1, "vanishingPoint": [313, 151], "camera_height": 2.3, "rad_per_pixel": 0.0009699354166151582}, "rtsp://admin:Admin123@10.8.4.238/Streaming/Channels/601": {"fov_V_deg": 4.980346550801362, "fov_H_deg": 1, "vanishingPoint": [263, 217], "camera_height": 2.3, "rad_per_pixel": 0.0001931632115596151},
  "rtsp://admin:Admin123@192.168.1.64/Streaming/Channels/1": {"fov_V_deg": 20.06675027137111, "fov_H_deg": 1, "vanishingPoint": [617, 102], "camera_height": 2.3, "rad_per_pixel": 0.0007782908053575366}, "rtsp://admin:Admin123@192.168.1.114/11": {"fov_V_deg": 25.00794259754029, "fov_H_deg": 1, "vanishingPoint": [313, 151], "camera_height": 2.3, "rad_per_pixel": 0.0009699354166151582}, "rtsp://admin:Admin123@192.168.1.115/live/0/MAIN": {"fov_V_deg": 4.980346550801362, "fov_H_deg": 1, "vanishingPoint": [263, 217], "camera_height": 2.3, "rad_per_pixel": 0.0001931632115596151}, "rtsp://admin:Admin123@192.168.1.94/Streaming/Channels/1": {"fov_V_deg": 4.784859059881184, "fov_H_deg": 1, "vanishingPoint": [716, 161], "camera_height": 2.3, "rad_per_pixel": 0.00018558121075290486},
  "rtsp://192.168.1.21:554/ch01.264": {"fov_V_deg": 22.78738780380252, "fov_H_deg": 1, "vanishingPoint": [321, 120], "camera_height": 2.3, "rad_per_pixel": 0.0008838109891225635}, "rtsp://admin:Admin123@192.168.1.22:554/11": {"fov_V_deg": 4.14970996169306, "fov_H_deg": 1, "vanishingPoint": [237, 113], "camera_height": 2.3, "rad_per_pixel": 0.00016094689296522593}, "rtsp://admin:123456@192.168.1.12:554/ch01.264": {"fov_V_deg": 23.1254759772976, "fov_H_deg": 1, "vanishingPoint": [372, 208], "camera_height": 2.3, "rad_per_pixel": 0.0008969237708771036}, "rtsp://admin:Admin123@192.168.8.12/Streaming/Channels/101": {"fov_V_deg": 1, "fov_H_deg": 1, "vanishingPoint": [1, 1], "camera_height": 2.3, "rad_per_pixel": 1.0}, "rtsp://admin:Admin123@192.168.8.12/ch01.264": {"fov_V_deg": 25.017006056708457, "fov_H_deg": 1, "vanishingPoint": [490, 239], "camera_height": 2.3, "rad_per_pixel": 0.0009702869437353906},
  "rtsp://admin:Admin123@192.168.8.11/live/0/MAIN": {"fov_V_deg": 4.4672, "fov_H_deg": 1, "vanishingPoint": [415, 178], "camera_height": 2.3, "rad_per_pixel": 0.0001732, "vanishPoint": [547, 88]},
  "rtsp://admin:Admin123@192.168.8.12:8554/0": {"fov_V_deg": 23.755424257641963, "fov_H_deg": 1, "vanishingPoint": [453, 209.0], "camera_height": 2.3, "rad_per_pixel": 0.0009213563744532932, "success": 1},
  "rtsp://admin:Admin123@192.168.8.11:8554/0": {"fov_V_deg": 4.4672, "fov_H_deg": 1, "vanishingPoint": [643, 141], "camera_height": 2.3, "rad_per_pixel": 0.0001732, "vanishPoint": [547, 88], "success": 1}}