{"rtsp://admin:123456@192.168.1.188:554/ch01.264": {"degFovV": 23.1254759772976, "degFovH": 1, "vanishPoint": [372, 208], "cameraHeight": 2.3, "radPerPixelFovV": 0.0008969237708771036}, "rtsp://admin:Admin123@192.168.1.11/live/0/MAIN": {"degFovV": 4.262245873812769, "degFovH": 1, "vanishPoint": [347, 157], "cameraHeight": 2.3, "radPerPixelFovV": 0.00016531160895016795}, "rtsp://admin:Admin123@10.8.4.31": {"degFovV": 22.78738780380252, "degFovH": 1, "vanishPoint": [321, 120], "cameraHeight": 2.3, "radPerPixelFovV": 0.0008838109891225635}, "rtsp://admin:Admin123@10.8.4.238/Streaming/Channels/501": {"degFovV": 25.00794259754029, "degFovH": 1, "vanishPoint": [313, 151], "cameraHeight": 2.3, "radPerPixelFovV": 0.0009699354166151582}, "rtsp://admin:Admin123@10.8.4.238/Streaming/Channels/601": {"degFovV": 4.980346550801362, "degFovH": 1, "vanishPoint": [263, 217], "cameraHeight": 2.3, "radPerPixelFovV": 0.0001931632115596151}, "rtsp://admin:Admin123@192.168.1.64/Streaming/Channels/1": {"degFovV": 20.06675027137111, "degFovH": 1, "vanishPoint": [617, 102], "cameraHeight": 2.3, "radPerPixelFovV": 0.0007782908053575366}, "rtsp://admin:Admin123@192.168.1.114/11": {"degFovV": 25.00794259754029, "degFovH": 1, "vanishPoint": [313, 151], "cameraHeight": 2.3, "radPerPixelFovV": 0.0009699354166151582}, "rtsp://admin:Admin123@192.168.1.115/live/0/MAIN": {"degFovV": 4.980346550801362, "degFovH": 1, "vanishPoint": [263, 217], "cameraHeight": 2.3, "radPerPixelFovV": 0.0001931632115596151}, "rtsp://admin:Admin123@192.168.1.94/Streaming/Channels/1": {"degFovV": 4.784859059881184, "degFovH": 1, "vanishPoint": [716, 161], "cameraHeight": 2.3, "radPerPixelFovV": 0.00018558121075290486}, "rtsp://192.168.1.21:554/ch01.264": {"degFovV": 22.78738780380252, "degFovH": 1, "vanishPoint": [321, 120], "cameraHeight": 2.3, "radPerPixelFovV": 0.0008838109891225635}, "rtsp://admin:Admin123@192.168.1.22:554/11": {"degFovV": 4.14970996169306, "degFovH": 1, "vanishPoint": [237, 113], "cameraHeight": 2.3, "radPerPixelFovV": 0.00016094689296522593}, "rtsp://admin:123456@192.168.1.12:554/ch01.264": {"degFovV": 23.1254759772976, "degFovH": 1, "vanishPoint": [372, 208], "cameraHeight": 2.3, "radPerPixelFovV": 0.0008969237708771036}, "rtsp://admin:Admin123@192.168.8.12/Streaming/Channels/101": {"degFovV": 1, "degFovH": 1, "vanishPoint": [1, 1], "cameraHeight": 2.3, "radPerPixelFovV": 1.0}, "rtsp://admin:Admin123@192.168.8.12/ch01.264": {"degFovV": 25.017006056708457, "degFovH": 1, "vanishPoint": [490, 239], "cameraHeight": 2.3, "radPerPixelFovV": 0.0009702869437353906}, "rtsp://admin:Admin123@192.168.8.11/live/0/MAIN": {"degFovV": 4.4672, "degFovH": 1, "vanishPoint": [415, 178], "cameraHeight": 2.3, "radPerPixelFovV": 0.0001732}, "rtsp://admin:Admin123@192.168.8.12:8554/0": {"degFovV": 25.337721210260902, "degFovH": 1, "vanishPoint": [400, 206], "cameraHeight": 2, "radPerPixelFovV": 0.0007504915783575618}, "rtsp://admin:Admin123@192.168.8.11:8554/0": {"degFovV": 4.778539816339745, "degFovH": 1, "vanishPoint": [619, 162], "cameraHeight": 2, "radPerPixelFovV": 0.00017453292519943294}}