{"2": {"0": {"1": 10.457317802314362, "2": 0.5072367729805357}}, "0": {"0": {"1": 9.911688582098154, "0": 1.9838247186171596}}, "1": {"0": {"1": 8.463203971447186}}, "5": {"4": {"0": 0.7247530579216054}, "5": {"1": 0.6496400406640623}}, "3": {"0": {"1": 4.989584739259707}, "5": {"1": 2.2683823757698827, "2": 1.3299474697297438}}, "4": {"4": {"1": 2.8059163949510806}, "5": {"1": 3.7718548202653115}}, "9": {"8": {"3": 0.5127198205024648, "4": 1.0335906227887939}, "5": {"5": 0.8812569869472654, "4": 0.5041074713222655, "6": 0.6496400406640623}}, "7": {"9": {"0": 4.096270085210937, "1": 0.85}}}