{"1": {"area": [[[123, 449], [754, 166], [635, 449]]], "vpY": 164, "per": 0.00017453292519943294, "a": 11701.508805282434, "b": 162.26036278055753}}