{"1": {"area": [[[21, 449], [494, 210], [397, 449]]], "vpY": 206, "per": 0.0007504915783575618, "a": 1887.5606433890775, "b": 224.45785317813616}}