{"imageArea": [{"type": 1, "camId": 0, "userArea": [[3.3125000000000004, 445.3125], [6.687500000000002, 265.6875], [242.6875, 269.75], [276.6875, 248.87500000000003], [421.3125, 246.18750000000006], [792.6875000000001, 421.7500000000001], [796.6875, 445.3125]], "resolution": [800, 450], "code": 100, "enable": 1, "areaId": 0}, {"type": 1, "camId": 1, "userArea": [[2.0, 150.6875], [404.0, 162.75], [794.6875, 446.625], [2.0, 448.0]], "resolution": [800, 450], "code": 100, "enable": 1, "areaId": 1}], "radarArea": [{"type": 0, "userArea": [[7.8, 68.7], [8.5, 105], [17.1, 103.5], [21.4, 71.5]]}], "cameraVanish": {"rtsp://admin:Admin123@192.168.8.12:8554/0": {"vanishPoint": [547, 88], "resolution": [800, 450], "cameraHeight": 2.3, "radPerPixelFovV": 0.000934721}, "rtsp://admin:Admin123@192.168.8.11:8554/0": {"vanishPoint": [547, 88], "resolution": [800, 450], "cameraHeight": 2.3, "radPerPixelFovV": 0.000221075}, "rtsp://admin:123456@192.168.1.188:554/ch01.264": {"resolution": [800, 450], "vanishPoint": [372, 208], "cameraHeight": 2.3, "radPerPixelFovV": 0.0008969237708771036}, "rtsp://admin:Admin123@192.168.1.11/live/0/MAIN": {"resolution": [800, 450], "vanishPoint": [347, 157], "cameraHeight": 2.3, "radPerPixelFovV": 0.00016531160895016795}, "rtsp://admin:Admin123@10.8.4.31": {"resolution": [800, 450], "vanishPoint": [321, 120], "cameraHeight": 2.3, "radPerPixelFovV": 0.0008838109891225635}, "rtsp://admin:Admin123@10.8.4.238/Streaming/Channels/501": {"resolution": [800, 450], "vanishPoint": [313, 151], "cameraHeight": 2.3, "radPerPixelFovV": 0.0009699354166151582}, "rtsp://admin:Admin123@10.8.4.238/Streaming/Channels/601": {"resolution": [800, 450], "vanishPoint": [263, 217], "cameraHeight": 2.3, "radPerPixelFovV": 0.0001931632115596151}, "rtsp://admin:Admin123@192.168.1.64/Streaming/Channels/1": {"resolution": [800, 450], "vanishPoint": [617, 102], "cameraHeight": 2.3, "radPerPixelFovV": 0.0007782908053575366}, "rtsp://admin:Admin123@192.168.1.114/11": {"resolution": [800, 450], "vanishPoint": [313, 151], "cameraHeight": 2.3, "radPerPixelFovV": 0.0009699354166151582}, "rtsp://admin:Admin123@192.168.1.115/live/0/MAIN": {"resolution": [800, 450], "vanishPoint": [263, 217], "cameraHeight": 2.3, "radPerPixelFovV": 0.0001931632115596151}, "rtsp://admin:Admin123@192.168.1.94/Streaming/Channels/1": {"resolution": [800, 450], "vanishPoint": [716, 161], "cameraHeight": 2.3, "radPerPixelFovV": 0.00018558121075290486}, "rtsp://192.168.1.21:554/ch01.264": {"resolution": [800, 450], "vanishPoint": [321, 120], "cameraHeight": 2.3, "radPerPixelFovV": 0.0008838109891225635}, "rtsp://admin:Admin123@192.168.1.22:554/11": {"resolution": [800, 450], "vanishPoint": [237, 113], "cameraHeight": 2.3, "radPerPixelFovV": 0.00016094689296522593}, "rtsp://admin:123456@192.168.1.12:554/ch01.264": {"resolution": [800, 450], "vanishPoint": [372, 208], "cameraHeight": 2.3, "radPerPixelFovV": 0.0008969237708771036}, "rtsp://admin:Admin123@192.168.8.12/Streaming/Channels/101": {"resolution": [800, 450], "vanishPoint": [1, 1], "cameraHeight": 2.3, "radPerPixelFovV": 1.0}, "rtsp://admin:Admin123@192.168.8.12/ch01.264": {"resolution": [800, 450], "vanishPoint": [490, 239], "cameraHeight": 2.3, "radPerPixelFovV": 0.0009702869437353906}, "rtsp://admin:Admin123@192.168.8.11/live/0/MAIN": {"vanishPoint": [547, 88], "resolution": [800, 450], "cameraHeight": 2.3, "radPerPixelFovV": 0.0001420081890710829}}, "cameraAlarmObject": [0], "gpioSwitch": {"Relay_off": 0, "Opt_off": 0}, "radarScene": 0, "radarFrequency": 0, "radarSensitivity": 0}